,,,,,,October 8 (T),
,,,,,,October 09 (W),
,,,,,,October 12 (S),
,,,,,,October 14 (M),
,,,,,,October 17 (Th),
,,,,,,October 18 (F) - 20 (Su),
,,,,,,October 21 (M),
,,,,,,October 26 (S) - 27 (Su),
,,,,,,November 01 (F),
,,,,,,November 12 (T),
,,,,,,November 27 (W),
,,,,,,November 29 (F),
,,,,,,December 2 (M),
,,,,,,December 14 (S),
,,,,,,December 14 (S),
,,,,,,December 14 (S),
,,(Class work Suspended),,,,December 25 (W),
,,,,,,"December 15(Su) to
January 5, 2019 (Su)",
BIO F110,BIOLOGY LABORATORY,1,RUCHI JAIN DEY,A122,M,7 8,30/11 FN
,,2,Gireesha T Mohannath,A122,M,4 5,
,,3,Ruchi Jain Dey,A122,W,7 8,
,,4,Vidya Rajesh,A122,Th,4 5,
,,5,Lavanya S,A122,W,4 5,
,,6,Anjali Gangwar,A122,M,2 3,
,,7,Lavanya S,A122,F,4 5,
,,8,Anjali Gangwar,A122,W,2 3,
,,9,Srikanth C S,A122,T,4 5,
,,10,TO BE ANNOUNCED,A122,F,2 3,
,,11,Srikanth C S,A122,S,4 5,
BIO F111,GENERAL BIOLOGY,1,Vivek Sharma,F104,M W F,1,03/12 FN
,,,Trinath Jamma,,,,
,,2,GIREESHA T MOHANNATH,F105,M W F,9,
,,,Sridev Mohapatra,,,,
,Tutorial,1,Vivek Sharma,G101,F,7,
,,2,Debashree B,G102,T,8,
,,3,V Ramakrishna,G103,T,8,
,,4,Gireesha T Mohannath,G104,F,7,
,,5,Trinath Jamma,G105,T,8,
,,6,Sridev Mohapatra,G202,T,8,
,,7,Jayati Ray Dutta,G107,T,8,
,,8,Jayati Ray Dutta,G107,F,7,
,,9,Vidya Rajesh,G108,T,8,
BIO F211,BIOLOGICAL CHEMISTRY,1,DEBASHREE B,G104,M W F,3,13/12 FN
,Tutorial,,Debashree B,I113,T,1,
BIO F212,MICROBIOLOGY,1,RUCHI JAIN DEY,G104,T Th S,4,04/12 AN
,Practical,,Neelima Christopher,A123,M,6 7 8,
BIO F213,CELL BIOLOGY,1,JAYATI RAY DUTTA,G104,M W F,2,06/12 FN
,Tutorial,,Jayati Ray Dutta,G201,Th,1,
BIO F214,INTEGRATED BIOLOGY,1,SUMAN KAPUR,G104,T Th,6,11/12 AN
,,,Suman Kapur,G104,S,5,
,Tutorial,,Neelima Christopher,I113,S,1,
BIO F266,STUDY PROJECT,1,TRINATH JAMMA,,,,
BIO F311,RECOMBINANT DNA TECH,1,VIDYA RAJESH,G104,M W F,5,09/12 AN
,Tutorial,,Vidya Rajesh,G107,W,1,
BIO F312,PLANT PHYSIOLOGY,1,SRIDEV MOHAPATRA,G104,M W F,4,14/12 AN
,Tutorial,,Sridev Mohapatra,G101,Th,7,
BIO F313,ANIMAL PHYSIOLOGY,1,PRAGYA KOMAL,G104,M W F,9,02/12 AN
,Tutorial,,Srikanth C S,G107,M,1,
BIO F352,CELL & TISSUE CULTR TECH,1,K PRANAV NARAYAN,G105,M W F,2,06/12 AN
,Practical,,Dhansri Krishnamurthy,A121,Th,8 9,
BIO F366,LABORATORY PROJECT,1,TRINATH JAMMA,,,,
BIO F367,LABORATORY PROJECT,1,TRINATH JAMMA,,,,
BIO F376,DESIGN PROJECT,1,TRINATH JAMMA,,,,
BIO F377,DESIGN PROJECT,1,TRINATH JAMMA,,,,
BIO F411,LABORATORY,1,P SANKAR GANESH,A123,T Th,7 8 9,
BIO F418,GENETIC ENGINEERING TECH,1,NAGA MOHAN K,G106,F,5,14/12 FN
,Practical,1,Vivek Sharma,A124,M W,4 5 6,
,,,Pranay Amruth Maroju,,,,
,,2,Pragya Komal,A124,T Th,6 7 8,
,,,Rolly Kumari,,,,
BIO G512,MOLEC MECH OF GENE EXPRE,1,VIVEK SHARMA,G103,T Th S,2,03/12 AN
,,,Gireesha T Mohannath,,,,
,Practical,1,Gargi Prasad S,A124,M F,8 9,
,,,Piyush Khandelia,,,,
,,2,Neha Priyadarshini,A124,T,4 5,
,,,Neha Priyadarshini,A124,W,8 9,
BIO G514,MOLECULAR IMMUNOLOGY,1,TRINATH JAMMA,I114,M W F,7,09/12 AN
,Practical,1,Trinath Jamma,A123,T Th,4 5,
,,2,Kotwal Shifa Bushra,A123,M W,2 3,
BIO G524,ANIMAL CELL TECHNOLOGY,1,K PRANAV NARAYAN,G103,T Th S,1,10/12 FN
,Practical,1,Dwaipayan Bhattacharya,A121,Th S,4 5,
,,2,Bakhya Shree Gb,A121,M W,2 3,
BIO G525,ENVIR BIOTECH & WASTE MGMT,1,P SANKAR GANESH,G103,T Th S,3,05/12 AN
,Practical,1,Naresh Patnaik,A002,M W,2 3,
,,2,Anand N,A002,Th S,4 5,
BIO G532,"BIOSTATISTICS AND
BIOMODELLING",1,NAGA MOHAN K,G105,M W F,7,12/12 AN
,,,Debashree B,,,,
,Practical,1,Purbali Chakraborty,A001,F,8 9,
,,2,Naga Mohan K,A001,F,2 3,
BIO G570,"RECENT DEVELOPMENTS IN
BIOLOGY",1,NAGA MOHAN K,G104,Th,9,07/12 FN
BIO G612,HUMAN GENETICS,1,PIYUSH KHANDELIA,I114,M W F,5,12/12 AN
,Practical,1,Piyush Khandelia,A123,T Th,1 2,
,,2,R Karthiya,A123,S,1 2,
,,,R Karthiya,A123,F,2 3,
BIO G651,PROTEIN & ENZYME BIOENGG,1,V RAMAKRISHNA,I114,M W F,4,14/12 AN
,Practical,1,I Shivkumar,A123,M W,9 10,
,,2,V Ramakrishna,A123,F,8 9,
,,,V Ramakrishna,A123,S,4 5,
BIOT F422,NANOBIOTECHOLOGY,1,SUMAN KAPUR,G105,M W F,3,13/12 AN
BITS C790T,INDEPENDENT STUDY,1,V V KRISHNA VENUGANTI,,,,
BITS C791T,TEACHING PRACTICE I,1,V V KRISHNA VENUGANTI,,,,
BITS C797T,PHD SEMINAR,1,V V KRISHNA VENUGANTI,,,,
BITS C799T,PHD THESIS,1,V V KRISHNA VENUGANTI,,,,
BITS E661,RESEARCH METHODOLOGY I,1,ARAVINDA N RAGHAVAN,G202,M W F,2,
,,,Murari R R Varma,,,,
BITS E793T,PRACTICE LECT SERIES I,1,V V KRISHNA VENUGANTI,,,,
BITS F110,ENGINEERING GRAPHICS,1,A Vasan,F105,S,1,14/12 FN
,,2,KURRA SURESH,F104,S,1,
,Practical,1,Mallikarjun Patil V,D208,M,4 5,
,,,Kurra Suresh,,,,
,,2,Bahurudeen A,D208,T,4 5,
,,,Inturi Vamsi,,,,
,,3,Bandhan Bandhu Majumdar,D208,Th,4 5,
,,,Piyush Chandra Verma,,,,
,,4,Radha Kiranmaye Bandlamudi,D208,M,2 3,
,,,Gayatri Vineela M,,,,
,,5,Jittin Varghese,D208,W,4 5,
,,,SP Regalla,,,,
,,6,Athira Gopinathan,D208,F,4 5,
,,,Inturi Vamsi,,,,
,,7,Sheik Mohammed Zoheb NawazD208,,W,2 3,
,,,Gayatri Vineela M,,,,
,,8,Sk Rahaman,D208,S,4 5,
,,,YV Daseswara Rao,,,,
,,9,Agnivesh,D208,W,7 8,
,,,C P Kiran,,,,
,Tutorial,1,K Rajitha,F205,F,8,
,,2,Surya Prakash CH,F207,F,8,
,,3,Mohan S C,F208,F,8,
,,4,Vineesha Chundi,G202,F,8,
,,5,Ch Bala Venkata Hareen,F204,F,8,
,,6,Kurra Suresh,G204,T,8,
,,7,C P Kiran,G104,F,8,
,,8,YV Daseswara Rao,G108,F,8,
,,9,Piyush Chandra Verma,G208,T,8,
,,10,SP Regalla,G201,T,8,
BITS F111,THERMODYNAMICS,1,Karthik Chetan,F103,T Th S,3,10/12 AN
,,2,SATISH K DUBEY,F102,T Th S,2,
,Tutorial,1,Ramesh Babu A,G105,T Th,9,
,,2,Nandini Bhandaru,F203,T Th,9,
,,3,Balaji Krishnamurthy,G106,T Th,9,
,,4,Srikanta Dinda,G205,T Th,9,
,,5,Lakshmi Sirisha,G206,T Th,9,
,,6,Jeevan Jaidi,G208,T Th,9,
,,7,R Parameshwaran,G207,T Th,9,
,,8,Santanu Prasad Datta,G103,T Th,9,
,,9,Khalid Anwar,G107,T Th,9,
,,10,Anubhav Sinha,G108,T Th,9,
BITS F112,TECHNICAL REPORT WRITING,1,PRANESH BHARGAVA,F208,T Th,7,12/12 FN
,,2,Pranesh Bhargava,F208,T Th,1,
,,3,Jayesh A K,F207,T Th,7,
,,4,Jayesh A K,F207,T Th,1,
,,5,Anhiti Patnaik,F108,T Th,7,
,,6,Anhiti Patnaik,F108,T Th,1,
BITS F113,GENERAL MATHEMATICS I,1,TSL RADHIKA,G205,T Th S,3,05/12 FN
,Tutorial,,TSL RADHIKA,G202,Th,8,
BITS F214,SCIENCE TECH & MODERNITY,1,ASWATHY RAVEENDRAN,G202,T Th S,2,10/12 FN
BITS F218,GENERAL MATHEMATICS III,1,JHUMA SEN GUPTA,I111,M W F,6,02/12 FN
,Tutorial,,Jhuma Sen Gupta,I111,M,1,
,,,Sanjay Mandal,,,,
BITS F225,ENVIRONMENTAL STUDIES,1,RUCHI JAIN DEY,F102,M W F,4,14/12 AN
,,,Murari R R Varma,,,,
,,,R Krishnan,,,,
BITS F312,"NEURAL NETWORKS AND FUZZY
LOGIC",1,RAJESH KUMAR TRIPATHY,F108,T Th S,5,11/12 FN
BITS F314,"GAME THEORY AND ITS
APPLICATIONS",1,DURGESH C PATHAK,F208,M W F,2,06/12 AN
BITS F316,NONLINEAR DYNA & CHAOS,1,ARAVINDA N RAGHAVAN,G204,M W F,7,12/12 AN
BITS F319,"NEGOTIATION SKILLS AND
TECHNIQUES",1,R RAGHUNATHAN,J217,T Th,5,11/12 FN
BITS F364,"HUMAN COMPUTER
INTERACTION",1,DIPANJAN CHAKRABORTY,F107,T Th S,4,04/12 FN
BITS F385,INTRO TO GENDER STUDIES,1,ASWATHY RAVEENDRAN,G202,M W F,9,03/12 AN
BITS F386,QUANTUM INFO & COMPUTING,1,K V SHIV CHAITANYA,G204,M W F,3,13/12 AN
BITS F399,"HUMANISTIC THEO OF SC &
TECH",1,BISWANATH DASH,G206,T Th S,3,05/12 AN
BITS F412,PRACTICE SCHOOL II,1,P SANKAR GANESH,,,,
BITS F413,PRACTICE SCHOOL II,1,P SANKAR GANESH,,,,
BITS F416,INTRO TO NANO SCIENCE,1,VSN MURTHY,G204,M W F,2,06/12 AN
,,,B Harihara Venkataraman,,,,
BITS F421T,THESIS,1,A VASAN,,,,
BITS F423T,THESIS,1,A VASAN,,,,
BITS F428,ESSENTIALS OF STRATE MGT,1,SWATI ALOK,J218,T Th S,3,05/12 AN
BITS F437,TECHNICAL COMMUNICATION,1,SANTOSH MAHAPATRA,F101,T Th,10 11,30/11 FN
BITS F462,RENEWABLE ENERGY,1,M SRINIVAS,G102,T Th S,4,04/12 FN
BITS F463,CRYPTOGRAPHY,1,ODELU VANGA,F106,T Th S,5,11/12 FN
BITS G513,STUDY IN ADVANCED TOPICS,1,V V KRISHNA VENUGANTI,,,,
BITS G529,RESEARCH PROJECT I,1,V V KRISHNA VENUGANTI,,,,
BITS G539,RESEARCH PROJECT II,1,V V KRISHNA VENUGANTI,,,,
BITS G540,RESEARCH PRACTICE,1,V V KRISHNA VENUGANTI,,,,
BITS G553,REAL TIME SYSTEMS,1,SOUMYA J,I111,M W F,5,13/12 AN
BITS G562T,DISSERTATION,1,V V KRISHNA VENUGANTI,,,,
BITS G564T,DISSERTATION,1,V V KRISHNA VENUGANTI,,,,
BITS G649,READING COURSE,1,V V KRISHNA VENUGANTI,,,,
CE F211,MECHANICS OF SOLIDS,1,CHANDU PARIMI,G201,T Th,6,11/12 AN
,,,Chandu Parimi,G201,S,5,
,Tutorial,1,Chandu Parimi,F202,Th,1,
,,2,Chandu Parimi,F201,S,1,
CE F213,SURVEYING,1,K RAJITHA,G201,M W F,3,13/12 FN
,Practical,1,K Rajitha,D110,M,7 8,
,,,Sandra Maria Cherian,,,,
,,2,K Rajitha,D110,T,8 9,
,,,Uppari Ramakrishna,,,,
,,3,K Rajitha,D110,Th,8 9,
,,,M Mounika,,,,
,Tutorial,1,K Rajitha,F201,Th,1,
,,2,Sandra Maria Cherian,F202,S,1,
CE F230,CIVIL ENGINEERING MATERIALS,1,V VINAYAKA RAM,G201,M W F,2,06/12 FN
,Practical,1,V Vinayaka Ram,D127,W,7 8,
,,,Syed Mazhar,,,,
,,2,V Vinayaka Ram,D127,F,7 8,
,,,G Sachin Chakravart,,,,
,,3,V Vinayaka Ram,D127,Th,8 9,
,,,M Jayatheja,,,,
,Tutorial,1,V Vinayaka Ram,F201,T,1,
,,2,R Kruthi Kiran,F202,T,1,
CE F231,FLUID MECHANICS,1,K SRINIVASA RAJU,G201,T Th S,4,04/12 AN
,Tutorial,1,K Srinivasa Raju,F201,Th,7,
,,2,M Naveen Naidu,F202,Th,7,
CE F266,STUDY PROJECT,1,BAHURUDEEN A,,,,
CE F312,HYDRAULIC ENGINEERING,1,ANMALA JAGADEESH,F109,M W F,9,02/12 AN
,Practical,1,Anmala Jagadeesh,E122,M,4 5,
,,,T Venkateswarlu,,,,
,,2,Anmala Jagadeesh,E122,W,4 5,
,,,R Madhuri,,,,
,,3,Anmala Jagadeesh,E122,F,4 5,
,,,M Naveen Naidu,,,,
,Tutorial,,Anmala Jagadeesh,F109,W,1,
CE F313,FOUNDATION ENGINEERING,1,V VINAYAKA RAM,F109,T Th S,3,05/12 AN
,,,Anasua Guharay,,,,
,Tutorial,,V Vinayaka Ram,F109,S,1,
,,,Anasua Guharay,,,,
CE F320,"DESIGN OF REINFORCED
CONCRETE",1,ARKAMITRA KAR,F109,M W F,8,07/12 AN
,Tutorial,,Arkamitra Kar,F109,M,1,
CE F323,INTRO TO ENVIRN ENGG,1,MURARI R R VARMA,F109,M W F,7,12/12 AN
CE F366,LABORATORY PROJECT,1,ARKAMITRA KAR,,,,
CE F367,LABORATORY PROJECT,1,ARKAMITRA KAR,,,,
CE F376,DESIGN PROJECT,1,ANASUA GUHARAY,,,,
CE F377,DESIGN PROJECT,1,ANASUA GUHARAY,,,,
CE F411,OPER RESEARCH FOR ENGIN,1,A VASAN,F109,T Th S,5,11/12 FN
CE F417,APP OF AI IN CIVIL ENGG,1,ANMALA JAGADEESH,F109,T Th S,4,04/12 FN
CE F420,INTRO TO BRIDGE ENGG,1,PN RAO,F109,T Th S,2,10/12 FN
CE G516,MULTI CRITER ANAL IN ENGG,1,K SRINIVASA RAJU,F201,M W F,4,04/12 FN
,Practical,,K Srinivasa Raju,D208,W,8 9,
CE G523,TRAN SYST PLAN & MANAGE,1,PRASANTA KUMAR SAHU,F201,M W F,3,02/12 FN
,Practical,,Prasanta Kumar Sahu,D224,M,8 9,
CE G534,PAVEMENT MATERIAL CHARAC,1,SRIDHAR RAJU,F201,M W F,5,04/12 AN
,Practical,,Sridhar Raju,D224,T,8 9,
CE G535,HIGHWAY GEOMETRIC DESIGN,1,PRASANTA KUMAR SAHU,F203,T Th S,4,06/12 AN
,Practical,,Prasanta Kumar Sahu,D208,W,8 9,
CE G536,TRAFFIC ENGG & SAFETY,1,BANDHAN BANDHU MAJUMDAFR203,,M W F,4,09/12 AN
,Practical,,Bandhan Bandhu Majumdar,D124,F,8 9,
CE G537,TRANSPORT ECON & FINANCE,1,BANDHAN BANDHU MAJUMDAFR202,,T Th S,2,02/12 FN
,Practical,,Bandhan Bandhu Majumdar,D124,T,8 9,
CE G545,AIRPORT PLANNING & DES,1,SRIDHAR RAJU,F202,T Th S,3,06/12 AN
,Practical,,Sridhar Raju,D208,F,8 9,
CE G548,PAVEMENT MGMT SYSTEMS,1,V VINAYAKA RAM,F202,M W F,5,09/12 AN
,Practical,,V Vinayaka Ram,D124,M,8 9,
CE G551,DYNAMICS OF STRUCTURES,1,MOHAN S C,F109,M W F,3,06/12 AN
,Practical,,Mohan S C,WS,M,8 9,
CE G552,ADV STR MECH & STABILITY,1,CHANDU PARIMI,F109,M W F,4,02/12 AN
,Practical,,Chandu Parimi,D124,W,8 9,
CE G562,"ADVANCED CONCRETE
TECHNOLOGY",1,ARKAMITRA KAR,F202,M W F,3,02/12 AN
,Practical,,Arkamitra Kar,D127,T,8 9,
CE G612,ADVANCED STEEL STRUCTURE,1,MOHAN S C,F201,T Th S,3,04/12 FN
,Practical,,Mohan S C,D208,W,8 9,
CE G613,ADV CONCRETE STRUCTURES,1,BAHURUDEEN A,F202,M W F,4,06/12 FN
,Practical,,Bahurudeen A,WS,M,6 7,
CE G614,PRESTRESS CONCRETE STRUC,1,BAHURUDEEN A,F201,T Th S,2,09/12 AN
,Practical,,Bahurudeen A,D208,W,6 7,
CE G616,BRIDGE ENGINEERING,1,PN RAO,F201,T Th S,5,12/12 AN
,Practical,,PN Rao,D208,Th,8 9,
CE G617,ADVANCE STRUC ANALYSIS,1,ARKAMITRA KAR,F201,T Th S,4,09/12 FN
,Practical,,Arkamitra Kar,D124,Th,8 9,
CE G619,FINITE ELEMENT ANALYSIS,1,PN RAO,F203,M W F,5,04/12 FN
,Practical,,PN Rao,D208,T,8 9,
,,,PN Rao,D208,F,8 9,
CHE F211,CHEMICAL PROCESS CALCULA,1,I SREEDHAR,F205,T Th S,4,04/12 AN
,Tutorial,,I Sreedhar,F205,T,1,
CHE F212,FLUID MECHANICS,1,NANDINI BHANDARU,F205,M W F,3,13/12 FN
,Tutorial,,Nandini Bhandaru,F205,S,1,
CHE F213,CHEM ENGG THERMODYNAMICS,1,ANGAN SENGUPTA,F205,M W F,2,06/12 FN
,Tutorial,,Angan Sengupta,F205,Th,9,
CHE F214,ENGINEERING CHEMISTRY,1,TO BE ANNOUNCED,F205,T Th,6,11/12 AN
,,,TO BE ANNOUNCED,F205,S,5,
,Tutorial,,TO BE ANNOUNCED,F205,Th,1,
CHE F266,STUDY PROJECT,1,LAKSHMI SIRISHA,,,,
CHE F311,KINETICS & REACTOR DESIGN,1,BALAJI KRISHNAMURTHY,F205,T Th S,3,05/12 AN
,Tutorial,,Balaji Krishnamurthy,F205,M,1,
CHE F312,CHEMICAL ENGG LAB I,1,LAKSHMI SIRISHA,WS,M W,7 8 9,
,,,P Pradeep Reddy,,,,
,,2,Karthik Chetan,WS,T Th,7 8 9,
,,,Vuchuru Kalyan,,,,
CHE F313,SEPARATION PROCESSES II,1,D PURNIMA,F205,M W F,5,07/12 AN
,Tutorial,,D Purnima,F205,F,1,
CHE F314,PROCESS DES PRINCIPLES I,1,SATYAPAUL SINGH AMARTHALFU20R5I,,T Th S,2,10/12 FN
,Tutorial,,Satyapaul Singh Amarthaluri,F205,W,6,
CHE F366,LABORATORY PROJECT,1,SATYAPAUL SINGH AMARTHALURI,,,,
CHE F367,LABORATORY PROJECT,1,SATYAPAUL SINGH AMARTHALURI,,,,
CHE F376,DESIGN PROJECT,1,BALAJI KRISHNAMURTHY,,,,
CHE F377,DESIGN PROJECT,1,BALAJI KRISHNAMURTHY,,,,
CHE F411,ENVIR POLLUTION CONTROL,1,D PURNIMA,F204,T Th S,5,11/12 FN
CHE F433,CORROSION ENGINEERING,1,RAMESH BABU A,F204,T Th S,4,04/12 FN
CHE G523,"MATHEMATICAL METHODS IN
CHEMICAL ENGINEERING",1,ANGAN SENGUPTA,F204,T Th S,3,05/12 FN
,Practical,,Angan Sengupta,D208,T,7 8 9,
,,,Nithin Bharadwaj,,,,
CHE G528,INTRO TO NANO SCI & TECH,1,SATYAPAUL SINGH AMARTHALFU20R4I,,M W F,3,13/12 AN
,Practical,,Satyapaul Singh Amarthaluri,D208,Th,8 9,
CHE G554,"COMPUTATIONAL FLUID
DYNAMICS",1,VIKRANT KUMAR S,F204,M W,2,06/12 AN
,Practical,,Vikrant Kumar S,D208,F,8 9,
,,,Vikrant Kumar S,D208,Th,6 7,
CHE G622,ADV CHEMICAL ENGG THERMO,1,I SREEDHAR,F204,M W F,5,09/12 AN
,Practical,,I Sreedhar,D208,M W,8 9,
,,,Yaddanapudi Varun,,,,
CHEM F110,CHEMISTRY LABORATORY,1,Subit Kumar Saha,B124,Th,4 5,
,,,Kaja Sravani,,,,
,,2,KVG Chandrasekhar,B124,T,4 5,
,,,Shouvik Bhuin,,,,
,,3,K Sumithra,B124,M,2 3,
,,,Sruthi Peesapati,,,,
,,4,J Subbalakshmi,B124,S,4 5,
,,,Deepthi Priyanka Damera,,,,
,,5,Manab Chakravarty,B124,M,7 8,
,,,Banchhanidhi Prusti,,,,
,,6,Balaji Gopalan,B124,F,2 3,
,,,Nandikolla Adinarayana,,,,
,,7,DURBA ROY,B124,W,2 3,
,,,Karuna Anna Sajeevan,,,,
,,,Sd Anwarhussaini,,,,
,,8,Tanmay Chatterjee,B124,M,4 5,
,,,Sahithi Reddy Andru,,,,
,,9,Tanmay Chatterjee,B124,W,4 5,
,,,Aluri Ravallika,,,,
,,10,Himanshu Aggarwal,B124,F,4 5,
,,,B Hima Bindu,,,,
,,,Meenu P C,,,,
,,11,Chanchal Chakravarthy,B124,F,7 8,
,,,Dinabandhu Patra,,,,
,,,Nilanjana Mukherjee,,,,
CHEM F111,GENERAL CHEMISTRY,1,Durba Roy,F102,M W F,9,03/12 FN
,,,Anupam Bhattacharya,,,,
,,,Ramakrishnan G,,,,
,,2,R KRISHNAN,F103,M W F,1,
,,,Himanshu Aggarwal,,,,
,Tutorial,1,Durba Roy,G101,T Th,1,
,,2,R Krishnan,G208,T Th,1,
,,3,Himanshu Aggarwal,G205,T Th,1,
,,4,Subit Kumar Saha,G104,T Th,1,
,,5,Ramakrishnan G,G105,T Th,1,
,,6,Anupam Bhattacharya,G106,T Th,1,
,,7,K Sumithra,G107,T Th,1,
,,8,Chanchal Chakravarthy,G102,T Th,1,
,,9,J Subbalakshmi,G108,T Th,1,
CHEM F211,PHYSICAL CHEMISTRY I,1,AMIT NAG,G101,M W F,3,13/12 FN
,Tutorial,,Amit Nag,I112,T,1,
CHEM F212,ORGANIC CHEMISTRY I,1,MANAB CHAKRAVARTY,G102,T Th,6,11/12 AN
,,,Manab Chakravarty,G102,S,5,
,Tutorial,,Manab Chakravarty,I112,Th,1,
CHEM F213,PHYSICAL CHEMISTRY II,1,K SUMITHRA,G101,M W F,8,09/12 AN
,Tutorial,,K Sumithra,I112,T,9,
CHEM F214,INORGANIC CHEMISTRY I,1,N RAJESH,G101,M W F,2,06/12 FN
,Tutorial,,N Rajesh,G101,Th,9,
CHEM F266,STUDY PROJECT,1,TANMAY CHATTERJEE,,,,
CHEM F311,ORGANIC CHEMISTRY III,1,KVG CHANDRASEKHAR,G101,M W F,4,14/12 AN
,Tutorial,,KVG Chandrasekhar,I112,M,1,
CHEM F312,PHYSICAL CHEMISTRY IV,1,BALAJI GOPALAN,G101,M W F,9,02/12 AN
,Tutorial,,Balaji Gopalan,I112,W,1,
CHEM F313,INSTRU METHODS OF ANAL,1,RAMAKRISHNAN G,G101,M W F,5,09/12 AN
,,,Anupam Bhattacharya,,,,
,Practical,,Amit Nag,B108,T,7 8 9,
,,,Anupam Bhattacharya,,,,
,,,Arunraj B,,,,
,,,B Aniket Diliprao,,,,
,,,N Rajesh,,,,
,,,Ramakrishnan G,,,,
,,,Reeshma Rameshan,,,,
,,,Soumitra Payra,,,,
,,,Sounak Roy,,,,
,,,Susmita Roy,,,,
CHEM F325,POLYMER CHEMISTRY,1,J SUBBALAKSHMI,G103,M W F,3,13/12 AN
,,,Chanchal Chakravarthy,,,,
CHEM F326,SOLID STATE CHEMISTRY,1,SOUNAK ROY,G102,M W F,7,12/12 AN
CHEM F366,LABORATORY PROJECT,1,KVG CHANDRASEKHAR,,,,
CHEM F367,LABORATORY PROJECT,1,KVG CHANDRASEKHAR,,,,
CHEM F376,DESIGN PROJECT,1,SUBIT KUMAR SAHA,,,,
CHEM F377,DESIGN PROJECT,1,SUBIT KUMAR SAHA,,,,
CHEM F412,PHOTOCHEM & LASER SPECTR,1,SUBIT KUMAR SAHA,G102,M W F,3,13/12 AN
CHEM F415,"FRONTIERS IN ORGANIC
SYNTHESIS",1,TANMAY CHATTERJEE,G102,M W F,2,06/12 AN
CS F111,COMPUTER PROGRAMMING,1,LOV KUMAR,F105,M W F,1,07/12 FN
,,2,Odelu Vanga,F104,M W F,9,
,Practical,1,Lov Kumar,D311,T,4 5,
,,,Gourish Goudar,,,,
,,2,Lov Kumar,D311,Th,4 5,
,,,Rajesh Kumar Shrivastava,,,,
,,3,Odelu Vanga,D311,M,2 3,
,,,K Sai Anirudh,,,,
,,4,Sanket Mishra,D311,M,7 8,
,,,Surender Singh S,,,,
,,5,Rajesh Kumar Shrivastava,D311,S,4 5,
,,,Sanghamitra Samanta,,,,
,,6,K Sai Anirudh,D311,W,2 3,
,,,T Sahithi,,,,
,,7,Sudeepta Mishra,D311,W,4 5,
,,,Mandan Naresh,,,,
,,8,Sudeepta Mishra,D311,M,4 5,
,,,Mandan Naresh,,,,
,,9,Gourish Goudar,D311,F,4 5,
,,,Surender Singh S,,,,
CS F213,OBJECT ORIENTED PROG,1,R GURURAJ,F105,T Th,6,11/12 AN
,,,R Gururaj,F105,S,5,
,Practical,1,Barsha Mitra,D313,M,7 8,
,,2,Barsha Mitra,D313,W,7 8,
,,,Rajita BSAS,,,,
,,3,Sudeepta Mishra,D313,T,7 8,
,,,Rajita BSAS,,,,
,,4,Sudeepta Mishra,D313,Th,7 8,
,,,T Sahithi,,,,
,,5,Sudeepta Mishra,D313,F,7 8,
,,,Priyanka Rushikesh Chaudhary,,,,
,Tutorial,1,Sudeepta Mishra,F109,T,1,
,,,Rajita BSAS,,,,
,,2,Barsha Mitra,I222,T,1,
,,,T Sahithi,,,,
,,3,R Gururaj,G206,T,1,
,,,T Sahithi,,,,
CS F214,LOGIC IN COMPUTER SC,1,TATHAGAT RAY,F105,T Th S,4,04/12 AN
,Tutorial,1,Tathagat Ray,I122,Th,1,
,,,K Sai Anirudh,,,,
,,2,Tathagat Ray,I122,S,1,
,,,K Sai Anirudh,,,,
,,3,Tathagat Ray,I111,T,9,
CS F215,DIGITAL DESIGN,1,SYED ERSHAD AHMED,F102,M W F,2,06/12 FN
,,2,TO BE ANNOUNCED,F105,M W F,2,
,Practical,1,TO BE ANNOUNCED,I013,M,7 8,
,,,P Michael Preetam Raj,,,,
,,2,Souvik Kundu,I013,W,7 8,
,,,Puneeth S B,,,,
,,3,Parikshit Parshuram Sahatiya,I013,T,2 3,
,,,Pavankumar Reddy B,,,,
,,4,Souvik Kundu,I013,Th,9 10,
,,,Pavankumar Reddy B,,,,
,,5,TO BE ANNOUNCED,I013,W,9 10,
,,,Anil Kumar U,,,,
,,6,BVVSN Prabhakar Rao,I013,M,9 10,
,,,P Joshna,,,,
,,7,Syed Ershad Ahmed,I013,T,7 8,
,,,P Joshna,,,,
,,8,Surya Shankar Dan,I013,F,9 10,
,,,Anil Kumar U,,,,
,,9,Saroj Mondal,I013,F,7 8,
,,,Renuka.H,,,,
,,10,Ponnalagu R N,I013,Th,2 3,
,,,Renuka.H,,,,
,,11,Runa Kumari,I013,Th,7 8,
,,,Debapriya Som,,,,
,,12,Parikshit Parshuram Sahatiya,I013,S,2 3,
,,,Prakash Palasram R,,,,
,Tutorial,1,Syed Ershad Ahmed,I222,Th,9,
,,2,Karumbaiah Chappanda NanaiaIh221,,T,9,
,,3,Karuna Anna Sajeevan,I221,Th,9,
,,4,TO BE ANNOUNCED,I213,T,9,
,,5,TO BE ANNOUNCED,I213,Th,9,
,,6,Saroj Mondal,I212,T,9,
,,7,Saroj Mondal,I212,Th,9,
,,8,TO BE ANNOUNCED,I211,T,9,
,,9,TO BE ANNOUNCED,I211,Th,9,
,,10,Ponnalagu R N,I122,T,9,
CS F222,DISCR STRUC FOR COMP SCI,1,NL BHANUMURTHY,F105,M W F,3,13/12 FN
,Tutorial,1,NL BHANUMURTHY,I222,S,1,
,,,Sanghamitra Samanta,,,,
,,2,Rajib Ranjan Maiti,F109,Th,1,
,,,Sanghamitra Samanta,,,,
,,3,Rajib Ranjan Maiti,J214,S,1,
,,,Sanghamitra Samanta,,,,
CS F266,STUDY PROJECT,1,SURENDER SINGH S,,,,
CS F301,PRINCIPLES OF PROGG LANG,1,ARUNA MALAPATI,F105,T Th,2,10/12 FN
,Tutorial,1,Jabez J Christopher,F108,M,1,
,,,Rajita BSAS,,,,
,,2,Jabez J Christopher,I213,T,7,
,,,Gourish Goudar,,,,
,,3,Jabez J Christopher,I222,Th,7,
,,,Gourish Goudar,,,,
CS F320,"FOUNDATIONS OF DATA
SCIENCE",1,NL BHANUMURTHY,F106,M W F,10,01/12 FN
CS F342,COMPUTER ARCHITECTURE,1,G Geethakumari,F105,M W F,8,07/12 AN
,Practical,1,SUVADIP BATABYAL,D311,Th,8 9,
,,,Sanket Mishra,,,,
,,2,G Geethakumari,D313,M,4 5,
,,,Rashmi Sahay,,,,
,,3,Suvadip Batabyal,D313,W,4 5,
,,,Rashmi Sahay,,,,
,,4,Suvadip Batabyal,D313,F,4 5,
,,,Sanket Mishra,,,,
,Tutorial,1,Suvadip Batabyal,F107,M,1,
,,,Rashmi Sahay,,,,
,,2,G Geethakumari,F204,W,1,
,,,Mandan Naresh,,,,
,,3,Suvadip Batabyal,F204,F,1,
CS F351,THEORY OF COMPUTATION,1,R GURURAJ,F106,M W F,9,02/12 AN
,Tutorial,1,R Gururaj,F106,W,1,
,,,Rajesh Kumar Shrivastava,,,,
,,2,Manajanna B,I111,Th,7,
,,,Rashmi Sahay,,,,
,,3,Manajanna B,I111,F,1,
,,,Rajesh Kumar Shrivastava,,,,
CS F366,LABORATORY PROJECT,1,SURENDER SINGH S,,,,
CS F367,LABORATORY PROJECT,1,SURENDER SINGH S,,,,
CS F372,OPERATING SYSTEMS,1,BARSHA MITRA,F105,T Th S,3,05/12 AN
,Tutorial,1,DipanJan Chakraborty,D313,M,1,
,,,Priyanka Rushikesh Chaudhary,,,,
,,2,Paresh Saxena,D311,T,7,
,,,Priyanka Rushikesh Chaudhary,,,,
,,3,Paresh Saxena,D311,Th,7,
,,,Priyanka Rushikesh Chaudhary,,,,
,,4,DipanJan Chakraborty,D313,W,1,
CS F376,DESIGN PROJECT,1,SURENDER SINGH S,,,,
CS F377,DESIGN PROJECT,1,SURENDER SINGH S,,,,
CS F407,ARTIFICIAL INTELLIGENCE,1,JABEZ J CHRISTOPHER,F106,T Th S,4,04/12 FN
CS F422,PARALLEL COMPUTING,1,G GEETHAKUMARI,F107,T Th S,5,11/12 FN
CS F469,INFORMATION RETRIEVAL,1,ARUNA MALAPATI,F106,M W F,7,12/12 AN
CS G525,ADV COMPUTER NETWORKS,1,PARESH SAXENA,I112,T Th S,3,07/12 FN
,Practical,,Paresh Saxena,D314,M W,6 7,
CS G526,"ADV ALGORITHMS &
COMPLEXITY",1,TATHAGAT RAY,I112,M W F,3,10/12 AN
,,,Manajanna B,,,,
,Practical,,Tathagat Ray,D314,M W,8 9,
,,,Manajanna B,,,,
CS G527,CLOUD COMPUTING,1,SUBHRAKANTA PANDA,I111,M W F,3,13/12 AN
,Practical,,Subhrakanta Panda,D311,T,8 9,
CS G541,PERVASIVE COMPUTING,1,SUVADIP BATABYAL,I113,T Th S,5,03/12 FN
CS G553,RECONFIGURABLE COMPUTING,1,CHETAN KUMAR V,I211,T Th S,5,06/12 AN
,Practical,,Chetan Kumar V,I124,F,8 9,
,,,Sharvani Gadgil,,,,
,,,Chetan Kumar V,I124,W,2 3,
,,,Sharvani Gadgil,,,,
CS G554,DISTRIBUTED DATA SYSTEMS,1,MANIK GUPTA,J115,M W F,8,05/12 AN
,Practical,,Manik Gupta,D312,T Th,8 9,
CS G623,ADVANCED OPERAT SYSTEMS,1,CHITTARANJAN HOTA,I112,M W F,4,02/12 AN
,Practical,,Chittaranjan Hota,D314,T Th,8 9,
DE G522,DESIGN PROJECTS,1,ARSHAD JAVED,,,,
DE G531,PRODUCT DESIGN,1,NITIN RAMESH K,F101,M W F,7,12/12 AN
,Practical,,Gauri Rajendra M,E112,M F,2 3,
DE G611,DYNAMICS & VIBRATION,1,G R SABAREESH,G102,M W F,5,14/12 AN
,Practical,,YV Daseswara Rao,D331B,M W,8 9,
DE G631,MATERIALS TECH AND TESTING,1,PIYUSH CHANDRA VERMA,G205,M W F,7,04/12 FN
,,,Sujith R,,,,
,Practical,,Sujith R,E002,W,2 3,
ECE F211,ELECTRICAL MACHINES,1,ALIVELU MANGA PARIMI,F104,M W F,3,13/12 FN
,,2,Mithun Mondal,F102,M W F,3,
,Practical,1,Alivelu Manga Parimi,B001,T,7 8,
,,,P Shambhu Prasad,,,,
,,2,Alivelu Manga Parimi,B001,Th,7 8,
,,,P Shambhu Prasad,,,,
,,3,Mithun Mondal,B001,F,7 8,
,,,Shrimathi H P,,,,
,,4,Mithun Mondal,B001,S,2 3,
,,,Shrimathi H P,,,,
,,5,Sudha Radhika,B001,T,2 3,
,,,E Prasanth Kumar,,,,
,,6,Sudha Radhika,B001,Th,2 3,
,,,E Prasanth Kumar,,,,
,,7,Syed Ershad Ahmed,B001,M,7 8,
,,,Amar Kumar Verma,,,,
,,8,Syed Ershad Ahmed,B001,W,7 8,
,,,Amar Kumar Verma,,,,
,Tutorial,1,Alivelu Manga Parimi,I210,M,1,
,,2,Alivelu Manga Parimi,I210,T,1,
,,3,Alivelu Manga Parimi,I210,Th,1,
,,4,Mithun Mondal,I211,M,1,
,,5,Mithun Mondal,I211,T,1,
,,6,Mithun Mondal,I211,Th,1,
ECE F212,ELECTROMAGNETIC THEO I,1,SOURI BANERJEE,F108,T Th S,4,04/12 AN
,,2,Sarmistha Banik,G207,T Th S,4,
,,3,Subash N. Karbelkar,G206,T Th S,4,
,,4,Aranya Bhuti Bhattacherjee,G205,T Th S,4,
,,5,Kannan Ramaswamy,G208,T Th S,4,
,Tutorial,1,Souri Banerjee,F108,S,1,
,,2,Sarmistha Banik,G207,S,1,
,,3,Subash N. Karbelkar,G206,S,1,
,,4,Aranya Bhuti Bhattacherjee,G205,S,1,
,,5,Kannan Ramaswamy,G208,S,1,
ECE F214,ELECTRONIC DEVICES,1,SOUVIK KUNDU,F104,T Th,6,11/12 AN
,,,Souvik Kundu,F104,S,5,
,,2,Sayan Kanungo,F102,T Th,6,
,,,Sayan Kanungo,F102,S,5,
,Tutorial,1,Souvik Kundu,J214,M,1,
,,2,Souvik Kundu,I212,Th,1,
,,3,Pavankumar Reddy B,I212,M,1,
,,4,P Michael Preetam Raj,J214,Th,9,
,,5,Ramakant,I221,T,1,
,,6,Ramakant,I221,Th,1,
ECE F215,DIGITAL DESIGN,1,SYED ERSHAD AHMED,F102,M W F,2,06/12 FN
,,2,TO BE ANNOUNCED,F105,M W F,2,
,Practical,1,TO BE ANNOUNCED,I013,M,7 8,
,,,P Michael Preetam Raj,,,,
,,2,Souvik Kundu,I013,W,7 8,
,,,Puneeth S B,,,,
,,3,Parikshit Parshuram Sahatiya,I013,T,2 3,
,,,Pavankumar Reddy B,,,,
,,4,Souvik Kundu,I013,Th,9 10,
,,,Pavankumar Reddy B,,,,
,,5,TO BE ANNOUNCED,I013,W,9 10,
,,,Anil Kumar U,,,,
,,6,BVVSN Prabhakar Rao,I013,M,9 10,
,,,P Joshna,,,,
,,7,Syed Ershad Ahmed,I013,T,7 8,
,,,P Joshna,,,,
,,8,Surya Shankar Dan,I013,F,9 10,
,,,Anil Kumar U,,,,
,,9,Saroj Mondal,I013,F,7 8,
,,,Renuka.H,,,,
,,10,Ponnalagu R N,I013,Th,2 3,
,,,Renuka.H,,,,
,,11,Runa Kumari,I013,Th,7 8,
,,,Debapriya Som,,,,
,,12,Parikshit Parshuram Sahatiya,I013,S,2 3,
,,,Prakash Palasram R,,,,
,Tutorial,1,Syed Ershad Ahmed,I222,Th,9,
,,2,Karumbaiah Chappanda NanaiaIh221,,T,9,
,,3,Karuna Anna Sajeevan,I221,Th,9,
,,4,TO BE ANNOUNCED,I213,T,9,
,,5,TO BE ANNOUNCED,I213,Th,9,
,,6,Saroj Mondal,I212,T,9,
,,7,Saroj Mondal,I212,Th,9,
,,8,TO BE ANNOUNCED,I211,T,9,
,,9,TO BE ANNOUNCED,I211,Th,9,
,,10,Ponnalagu R N,I122,T,9,
ECE F266,STUDY PROJECT,1,MITHUN MONDAL,,,,
ECE F311,COMMUNICATION SYSTEMS,1,RUNA KUMARI,F102,M W F,8,07/12 AN
,Practical,1,Runa Kumari,H106,M,4 5,
,,,V Sarath Sankar,,,,
,,2,Runa Kumari,H106,T,8 9,
,,,R Venkata Sravya,,,,
,,3,Balasubramanian M,H106,W,4 5,
,,,V Sarath Sankar,,,,
,,4,Balasubramanian M,H106,F,4 5,
,,,Pranjali Gajbhiye,,,,
,,5,Prasant Kumar P,H106,Th,8 9,
,,,R Venkata Sravya,,,,
,Tutorial,1,Runa Kumari,I221,M,1,
,,2,Balasubramanian M,I211,F,1,
,,3,Balasubramanian M,I222,M,1,
,,4,Balasubramanian M,I114,Th,7,
ECE F312,"EM FIELDS LAB MICRO ENGG
LAB",1,SOURAV NANDI,I115,M,4 5,
,,,Samala Jagadheesh,,,,
ECE F314,EM FILEDS & MICRO ENGG,1,HARISH VIJAY DIXIT,F208,M W F,9,02/12 AN
,Tutorial,1,Harish Vijay Dixit,I122,M,1,
,,2,Harish Vijay Dixit,I122,W,1,
ECE F366,LABORATORY PROJECT,1,SUDHA RADHIKA,,,,
ECE F367,LABORATORY PROJECT,1,SUDHA RADHIKA,,,,
ECE F376,DESIGN PROJECT,1,SAROJ MONDAL,,,,
ECE F377,DESIGN PROJECT,1,SAROJ MONDAL,,,,
ECE F434,DIGITAL SIGNAL PROCESS,1,BVVSN PRABHAKAR RAO,F104,T Th S,3,05/12 FN
,Practical,1,Ramakant,I011,T,8 9,
,,,Priyanka B G,,,,
,,2,Venkateswaran R,I011,W,4 5,
,,,Priyanka B G,,,,
,,3,Venkateswaran R,I011,F,4 5,
,,,Naveen Bokka,,,,
,,4,Ramakant,I011,M,4 5,
,,,Naveen Bokka,,,,
,,5,Ramakant,I011,Th,8 9,
,,,Pranjali Gajbhiye,,,,
,Tutorial,1,BVVSN Prabhakar Rao,I221,F,1,
,,2,S K Sahoo,I222,W,1,
,,3,S K Sahoo,I112,Th,7,
ECON F211,PRINCIPLES OF ECONOMICS,1,DUSHYANT KUMAR,F108,M W F,6,09/12 FN
,,,Bincy George,,,,
,,,Ummuhabeeba Chaliyan,,,,
,,2,Rishi Kumar,F106,M W F,6,
,,3,Archana Srivastava,F207,M W F,6,
,,4,Sudatta Banerjee,F208,M W F,6,
,Tutorial,1,Dushyant Kumar,F108,F,1,
,,2,Rishi Kumar,F106,F,1,
,,3,Archana Srivastava,F207,F,1,
,,4,Sudatta Banerjee,F208,F,1,
ECON F212,FUNDA OF FIN AND ACCOUNT,1,SHREYA BISWAS,F102,M W F,10,08/12 FN
,,,Niranjan Swain,,,,
ECON F213,MATHEMATIC & STAT METHOD,1,RISHI KUMAR,F207,T Th S,4,04/12 AN
,Tutorial,,Rishi Kumar,J219,T,1,
ECON F214,ECONOMIC ENV OF BUSINESS,1,BHEEMESHWAR REDDY A,F207,M W F,3,13/12 FN
,Tutorial,,Bheemeshwar Reddy A,J119,Th,1,
ECON F241,ECONOMETRIC METHODS,1,BHEEMESHWAR REDDY A,J220,T Th S,4,04/12 FN
ECON F266,STUDY PROJECT,1,SWATI ALOK,,,,
ECON F311,INTERNATIONAL ECONOMICS,1,ARCHANA SRIVASTAVA,F207,M W F,9,02/12 AN
,Tutorial,,Archana Srivastava,F207,M,1,
ECON F312,"MONEY BANKING & FIN
MARKETS",1,SUNNY KUMAR SINGH,F207,M W F,4,14/12 AN
,,,Salva.K,,,,
,Tutorial,,Sunny Kumar Singh,F207,W,1,
ECON F313,ISSUES IN ECONOMIC DEV,1,DURGESH C PATHAK,F207,M W F,5,09/12 AN
,Tutorial,,Durgesh C Pathak,I210,T,7,
ECON F314,INDUSTRIAL ECONOMICS,1,DUSHYANT KUMAR,J219,M W F,3,13/12 AN
ECON F315,FINANCIAL MANAGEMENT,1,NIRANJAN SWAIN,F106,M W F,2,06/12 FN
ECON F354,DERIVATIVES & RISK MGMT,1,T NAGARAJU,F208,M W F,3,13/12 AN
ECON F355,BUSS ANAL & VALUATION,1,NIRANJAN SWAIN,F208,T Th S,4,04/12 FN
ECON F366,LABORATORY PROJECT,1,SWATI ALOK,,,,
ECON F367,LABORATORY PROJECT,1,SWATI ALOK,,,,
ECON F376,DESIGN PROJECT,1,SWATI ALOK,,,,
ECON F377,DESIGN PROJECT,1,SWATI ALOK,,,,
ECON F411,PROJECT APPRAISAL,1,SUNNY KUMAR SINGH,J206,T Th S,5,11/12 FN
ECON F412,SECUR ANAL & PORTFOL MGT,1,NIVEDITA SINHA,F104,M W F,2,06/12 AN
,,2,Nemiraja Jadiyappa,F208,T Th S,5,
ECON F415,NEW VENTURE CREATION,1,R RAGHUNATHAN,,,,
,,,Salva.K,,,,
ECON F435,MARKETING RESEARCH,1,C H YAGANTI,J217,M W F,2,06/12 AN
ECON F471,RESOURCES & ENVIR ECON,1,SUDATTA BANERJEE,J218,M W F,3,13/12 AN
EEE F111,ELECTRICAL SCIENCES,1,SUDHA RADHIKA,F102,M W F,1,07/12 FN
,,2,Parikshit Parshuram Sahatiya,F103,M W F,9,
,Tutorial,1,Sudha Radhika,I112,T,8,
,,2,Sudha Radhika,I112,Th,9,
,,3,Parikshit Parshuram Sahatiya,I113,T,8,
,,4,Parikshit Parshuram Sahatiya,I113,Th,9,
,,5,Sourav Nandi,I114,T,8,
,,6,Sourav Nandi,I114,Th,9,
,,7,Sandeep Kumar,I122,T,8,
,,8,Sandeep Kumar,I122,Th,9,
,,9,Sandeep Kumar,I210,Th,7,
EEE F211,ELECTRICAL MACHINES,1,ALIVELU MANGA PARIMI,F104,M W F,3,13/12 FN
,,2,Mithun Mondal,F102,M W F,3,
,Practical,1,Alivelu Manga Parimi,B001,T,7 8,
,,,P Shambhu Prasad,,,,
,,2,Alivelu Manga Parimi,B001,Th,7 8,
,,,P Shambhu Prasad,,,,
,,3,Mithun Mondal,B001,F,7 8,
,,,Shrimathi H P,,,,
,,4,Mithun Mondal,B001,S,2 3,
,,,Shrimathi H P,,,,
,,5,Sudha Radhika,B001,T,2 3,
,,,E Prasanth Kumar,,,,
,,6,Sudha Radhika,B001,Th,2 3,
,,,E Prasanth Kumar,,,,
,,7,Syed Ershad Ahmed,B001,M,7 8,
,,,Amar Kumar Verma,,,,
,,8,Syed Ershad Ahmed,B001,W,7 8,
,,,Amar Kumar Verma,,,,
,Tutorial,1,Alivelu Manga Parimi,I210,M,1,
,,2,Alivelu Manga Parimi,I210,T,1,
,,3,Alivelu Manga Parimi,I210,Th,1,
,,4,Mithun Mondal,I211,M,1,
,,5,Mithun Mondal,I211,T,1,
,,6,Mithun Mondal,I211,Th,1,
EEE F212,ELECTROMAGNETIC THEO I,1,SOURI BANERJEE,F108,T Th S,4,04/12 AN
,,2,Sarmistha Banik,G207,T Th S,4,
,,3,Subash N. Karbelkar,G206,T Th S,4,
,,4,Aranya Bhuti Bhattacherjee,G205,T Th S,4,
,,5,Kannan Ramaswamy,G208,T Th S,4,
,Tutorial,1,Souri Banerjee,F108,S,1,
,,2,Sarmistha Banik,G207,S,1,
,,3,Subash N. Karbelkar,G206,S,1,
,,4,Aranya Bhuti Bhattacherjee,G205,S,1,
,,5,Kannan Ramaswamy,G208,S,1,
EEE F214,ELECTRONIC DEVICES,1,SOUVIK KUNDU,F104,T Th,6,11/12 AN
,,,Souvik Kundu,F104,S,5,
,,2,Sayan Kanungo,F102,T Th,6,
,,,Sayan Kanungo,F102,S,5,
,Tutorial,1,Souvik Kundu,J214,M,1,
,,2,Souvik Kundu,I212,Th,1,
,,3,Pavankumar Reddy B,I212,M,1,
,,4,P Michael Preetam Raj,J214,Th,9,
,,5,Ramakant,I221,T,1,
,,6,Ramakant,I221,Th,1,
EEE F215,DIGITAL DESIGN,1,SYED ERSHAD AHMED,F102,M W F,2,06/12 FN
,,2,TO BE ANNOUNCED,F105,M W F,2,
,Practical,1,TO BE ANNOUNCED,I013,M,7 8,
,,,P Michael Preetam Raj,,,,
,,2,Souvik Kundu,I013,W,7 8,
,,,Puneeth S B,,,,
,,3,Parikshit Parshuram Sahatiya,I013,T,2 3,
,,,Pavankumar Reddy B,,,,
,,4,Souvik Kundu,I013,Th,9 10,
,,,Pavankumar Reddy B,,,,
,,5,TO BE ANNOUNCED,I013,W,9 10,
,,,Anil Kumar U,,,,
,,6,BVVSN Prabhakar Rao,I013,M,9 10,
,,,P Joshna,,,,
,,7,Syed Ershad Ahmed,I013,T,7 8,
,,,P Joshna,,,,
,,8,Surya Shankar Dan,I013,F,9 10,
,,,Anil Kumar U,,,,
,,9,Saroj Mondal,I013,F,7 8,
,,,Renuka.H,,,,
,,10,Ponnalagu R N,I013,Th,2 3,
,,,Renuka.H,,,,
,,11,Runa Kumari,I013,Th,7 8,
,,,Debapriya Som,,,,
,,12,Parikshit Parshuram Sahatiya,I013,S,2 3,
,,,Prakash Palasram R,,,,
,Tutorial,1,Syed Ershad Ahmed,I222,Th,9,
,,2,Karumbaiah Chappanda NanaiaIh221,,T,9,
,,3,Karuna Anna Sajeevan,I221,Th,9,
,,4,TO BE ANNOUNCED,I213,T,9,
,,5,TO BE ANNOUNCED,I213,Th,9,
,,6,Saroj Mondal,I212,T,9,
,,7,Saroj Mondal,I212,Th,9,
,,8,TO BE ANNOUNCED,I211,T,9,
,,9,TO BE ANNOUNCED,I211,Th,9,
,,10,Ponnalagu R N,I122,T,9,
EEE F266,STUDY PROJECT,1,MITHUN MONDAL,,,,
EEE F311,COMMUNICATION SYSTEMS,1,RUNA KUMARI,F102,M W F,8,07/12 AN
,Practical,1,Runa Kumari,H106,M,4 5,
,,,V Sarath Sankar,,,,
,,2,Runa Kumari,H106,T,8 9,
,,,R Venkata Sravya,,,,
,,3,Balasubramanian M,H106,W,4 5,
,,,V Sarath Sankar,,,,
,,4,Balasubramanian M,H106,F,4 5,
,,,Pranjali Gajbhiye,,,,
,,5,Prasant Kumar P,H106,Th,8 9,
,,,R Venkata Sravya,,,,
,Tutorial,1,Runa Kumari,I221,M,1,
,,2,Balasubramanian M,I211,F,1,
,,3,Balasubramanian M,I222,M,1,
,,4,Balasubramanian M,I114,Th,7,
EEE F313,ANALOG & DIGITAL VLSI DES,1,SURYA SHANKAR DAN,F104,T Th S,2,10/12 FN
,Tutorial,1,Surya Shankar Dan,I212,F,1,
,,2,Surya Shankar Dan,I212,W,1,
,,3,Surya Shankar Dan,I212,Th,7,
EEE F348,"FPGA BASED SYSTEM DESIGN
LAB",1,S K SAHOO,I124,M F,2 3,
,,,G Sahith,,,,
,,,Simhadri Hariprasad,,,,
,,2,S K Sahoo,I124,W F,6 7,
,,,Anil Kumar U,,,,
,,,Samala Jagadheesh,,,,
EEE F366,LABORATORY PROJECT,1,SUDHA RADHIKA,,,,
EEE F367,LABORATORY PROJECT,1,SUDHA RADHIKA,,,,
EEE F376,DESIGN PROJECT,1,SAROJ MONDAL,,,,
EEE F377,DESIGN PROJECT,1,SAROJ MONDAL,,,,
EEE F434,DIGITAL SIGNAL PROCESS,1,BVVSN PRABHAKAR RAO,F104,T Th S,3,05/12 FN
,Practical,1,Ramakant,I011,T,8 9,
,,,Priyanka B G,,,,
,,2,Venkateswaran R,I011,W,4 5,
,,,Priyanka B G,,,,
,,3,Venkateswaran R,I011,F,4 5,
,,,Naveen Bokka,,,,
,,4,Ramakant,I011,M,4 5,
,,,Naveen Bokka,,,,
,,5,Ramakant,I011,Th,8 9,
,,,Pranjali Gajbhiye,,,,
,Tutorial,1,BVVSN Prabhakar Rao,I221,F,1,
,,2,S K Sahoo,I222,W,1,
,,3,S K Sahoo,I112,Th,7,
EEE F435,DIGITAL IMAGE PROCESSING,1,S K CHATTERJEE,F104,T Th S,4,04/12 FN
EEE G512,EMBEDDED SYSTEM DESIGN,1,SOUMYA J,I211,T Th S,4,04/12 FN
,Practical,,Soumya J,I013,M,8 9,
,,,P Veda Bhanu,,,,
EEE G581,RF & MICROWAVE ENGG,1,SOURAV NANDI,I211,T Th S,2,02/12 AN
,Practical,,Sourav Nandi,I115,W F,2 3,
,,,Arun Mohan B,,,,
EEE G591,OPTICAL COMMUNICATION,1,PRASANT KUMAR P,I213,M W F,1,02/12 AN
,Practical,,Prasant Kumar P,H106,M W,6 7,
,,,Mary Vallankanni Manik,,,,
EEE G612,CODING THEORY & PRACTICE,1,PRASHANT WALI,I212,M W F,5,09/12 AN
,Practical,,Prashant Wali,H106,W F,8 9,
,,,Priyalatha. P,,,,
EEE G613,ADV DIGITAL SIGNAL PROC,1,VENKATESWARAN R,I212,T Th S,5,06/12 FN
,Practical,,Venkateswaran R,I011,M,2 3,
EEE G641,APPLIED ESTIMATION THEORY,1,PRASHANT WALI,I213,T Th S,2,04/12 FN
,Practical,,Prashant Wali,I011,M W,2 3,
,,,T Sachin Ravikant,,,,
FIN F311,DERIVATIVES & RISK MGMT,1,T NAGARAJU,F208,M W F,3,13/12 AN
FIN F313,SECUR ANAL & PORTFOL MGT,1,NIVEDITA SINHA,F104,M W F,2,06/12 AN
,,2,Nemiraja Jadiyappa,F208,T Th S,5,
FIN F315,FINANCIAL MANAGEMENT,1,NIRANJAN SWAIN,F106,M W F,2,06/12 FN
FIN F414,"FINANCIAL RISK ANALYTICS AND
MANAGEMENT",1,T NAGARAJU,F208,S,7 8 9,08/12 FN
GS F213,DEVELOPMENT THEORIES,1,SUNNY JOSE G,G202,M W F,3,13/12 AN
GS F221,BUSINESS COMMUNICATION,1,MG PRASUNA,G207,T Th S,3,05/12 AN
GS F231,DYNAMICS OF SOCIAL CHANGE,1,SUCHISMITA SATPATHY,G201,T Th S,2,10/12 FN
GS F233,PUBLIC POLICY,1,SUNNY JOSE G,G201,T Th S,3,05/12 AN
GS F242,CULTURAL STUDIES,1,ANHITI PATNAIK,J217,M W F,9,03/12 AN
GS F331,TECH IN SOCIAL RESEARCH,1,MD ZAKARIA SIDDIQUI,J121,M W F,3,13/12 AN
GS F332,CONTEMPORARY INDIA,1,MD ZAKARIA SIDDIQUI,J121,T Th S,2,10/12 FN
HSS F228,PHONETICS & SPOKEN ENGL,1,PRANESH BHARGAVA,G204,M W F,9,03/12 AN
HSS F235,INTRODUCTORY PHILOSOPHY,1,JAYESH A K,J121,M W F,9,03/12 AN
HSS F237,"CONTEMPORARY INDIAN
ENGLISH FICTION",1,MAYA VINAY,G204,T Th S,2,10/12 FN
HSS F243,"INTRODUCTION TO CRITICAL
PEDAGOGY",1,SANTOSH MAHAPATRA,G207,T Th S,2,10/12 FN
HSS F316,POP LITER & CULT OF S ASIA,1,MAYA VINAY,G206,M W F,9,03/12 AN
HSS F317,INTRO TO GLOBALIZATION,1,SUCHISMITA SATPATHY,G201,M W F,9,03/12 AN
HSS F322,"SOCIAL AND POLITICAL
ECOLOGY",1,LAVANYA SURESH,G205,M W F,2,06/12 AN
HSS F325,CINEMATIC ADAPTATION,1,SHILPAA ANAND,G205,T Th S,2,10/12 FN
HSS F328,HUMAN RESOURCES DEV,1,SWATI ALOK,J218,M W F,4,14/12 AN
HSS F334,SRIMAD BHAGAVAD GITA,1,ARUNA LOLLA,G106,M W F,6,09/12 FN
HSS F338,COMPARATIVE INDIAN LIT,1,MG PRASUNA,G205,M W F,9,03/12 AN
HSS F342,ADV COMMUNICATIVE ENG,1,ARUNA LOLLA,G204,T Th S,3,05/12 AN
HSS F362,"LOCAL GOVERNANCE AND
PARTICIPATION",1,LAVANYA SURESH,G202,T Th S,3,05/12 AN
HSS F363,DISASTER AND DEVELOPMENT,1,BISWANATH DASH,G206,M W F,4,14/12 AN
HSS F399,"INTRODUCTION TO AMERICAN
LITERATURE",1,SHILPAA ANAND,G202,M W F,6,09/12 FN
INSTR F211,ELECTRICAL MACHINES,1,ALIVELU MANGA PARIMI,F104,M W F,3,13/12 FN
,,2,Mithun Mondal,F102,M W F,3,
,Practical,1,Alivelu Manga Parimi,B001,T,7 8,
,,,P Shambhu Prasad,,,,
,,2,Alivelu Manga Parimi,B001,Th,7 8,
,,,P Shambhu Prasad,,,,
,,3,Mithun Mondal,B001,F,7 8,
,,,Shrimathi H P,,,,
,,4,Mithun Mondal,B001,S,2 3,
,,,Shrimathi H P,,,,
,,5,Sudha Radhika,B001,T,2 3,
,,,E Prasanth Kumar,,,,
,,6,Sudha Radhika,B001,Th,2 3,
,,,E Prasanth Kumar,,,,
,,7,Syed Ershad Ahmed,B001,M,7 8,
,,,Amar Kumar Verma,,,,
,,8,Syed Ershad Ahmed,B001,W,7 8,
,,,Amar Kumar Verma,,,,
,Tutorial,1,Alivelu Manga Parimi,I210,M,1,
,,2,Alivelu Manga Parimi,I210,T,1,
,,3,Alivelu Manga Parimi,I210,Th,1,
,,4,Mithun Mondal,I211,M,1,
,,5,Mithun Mondal,I211,T,1,
,,6,Mithun Mondal,I211,Th,1,
INSTR F212,ELECTROMAGNETIC THEORY I,1,SOURI BANERJEE,F108,T Th S,4,04/12 AN
,,2,Sarmistha Banik,G207,T Th S,4,
,,3,Subash N. Karbelkar,G206,T Th S,4,
,,4,Aranya Bhuti Bhattacherjee,G205,T Th S,4,
,,5,Kannan Ramaswamy,G208,T Th S,4,
,Tutorial,1,Souri Banerjee,F108,S,1,
,,2,Sarmistha Banik,G207,S,1,
,,3,Subash N. Karbelkar,G206,S,1,
,,4,Aranya Bhuti Bhattacherjee,G205,S,1,
,,5,Kannan Ramaswamy,G208,S,1,
INSTR F214,ELECTRONIC DEVICES,1,SOUVIK KUNDU,F104,T Th,6,11/12 AN
,,,Souvik Kundu,F104,S,5,
,,2,Sayan Kanungo,F102,T Th,6,
,,,Sayan Kanungo,F102,S,5,
,Tutorial,1,Souvik Kundu,J214,M,1,
,,2,Souvik Kundu,I212,Th,1,
,,3,Pavankumar Reddy B,I212,M,1,
,,4,P Michael Preetam Raj,J214,Th,9,
,,5,Ramakant,I221,T,1,
,,6,Ramakant,I221,Th,1,
INSTR F215,DIGITAL DESIGN,1,SYED ERSHAD AHMED,F102,M W F,2,06/12 FN
,,2,TO BE ANNOUNCED,F105,M W F,2,
,Practical,1,TO BE ANNOUNCED,I013,M,7 8,
,,,P Michael Preetam Raj,,,,
,,2,Souvik Kundu,I013,W,7 8,
,,,Puneeth S B,,,,
,,3,Parikshit Parshuram Sahatiya,I013,T,2 3,
,,,Pavankumar Reddy B,,,,
,,4,Souvik Kundu,I013,Th,9 10,
,,,Pavankumar Reddy B,,,,
,,5,TO BE ANNOUNCED,I013,W,9 10,
,,,Anil Kumar U,,,,
,,6,BVVSN Prabhakar Rao,I013,M,9 10,
,,,P Joshna,,,,
,,7,Syed Ershad Ahmed,I013,T,7 8,
,,,P Joshna,,,,
,,8,Surya Shankar Dan,I013,F,9 10,
,,,Anil Kumar U,,,,
,,9,Saroj Mondal,I013,F,7 8,
,,,Renuka.H,,,,
,,10,Ponnalagu R N,I013,Th,2 3,
,,,Renuka.H,,,,
,,11,Runa Kumari,I013,Th,7 8,
,,,Debapriya Som,,,,
,,12,Parikshit Parshuram Sahatiya,I013,S,2 3,
,,,Prakash Palasram R,,,,
,Tutorial,1,Syed Ershad Ahmed,I222,Th,9,
,,2,Karumbaiah Chappanda NanaiaIh221,,T,9,
,,3,Karuna Anna Sajeevan,I221,Th,9,
,,4,TO BE ANNOUNCED,I213,T,9,
,,5,TO BE ANNOUNCED,I213,Th,9,
,,6,Saroj Mondal,I212,T,9,
,,7,Saroj Mondal,I212,Th,9,
,,8,TO BE ANNOUNCED,I211,T,2 3,
,,9,TO BE ANNOUNCED,I211,Th,,
,,10,Ponnalagu R N,I122,T,9 10,
INSTR F266,STUDY PROJECT,1,MITHUN MONDAL,,,,
INSTR F311,ELECTRO INST & INST TECH,1,KARUMBAIAH CHAPPANDA NAI2N1A1IAH,,T Th S,3,05/12 AN
,Practical,1,Karumbaiah Chappanda NanaiaIh123,,W,4 5,
,,,Samit Kumar Ghosh,,,,
,,,Sarda Sharma,,,,
,,2,Ponnalagu R N,I123,Th,8 9,
,,,Samit Kumar Ghosh,,,,
,,,Sarda Sharma,,,,
,Tutorial,,Karumbaiah Chappanda NanaiaIh211,,W,1,
INSTR F312,TRANSD & MEASUREMENT TEC,1,PONNALAGU R N,I211,M W F,9,02/12 AN
,Tutorial,,Ponnalagu R N,I114,M,1,
INSTR F313,ANALOG & DIGITAL VLSI DES,1,SURYA SHANKAR DAN,F104,T Th S,2,10/12 FN
,Tutorial,1,Surya Shankar Dan,I212,F,1,
,,2,Surya Shankar Dan,I212,W,1,
,,3,Surya Shankar Dan,I212,Th,7,
INSTR F366,LABORATORY PROJECT,1,SUDHA RADHIKA,,,,
INSTR F367,LABORATORY PROJECT,1,SUDHA RADHIKA,,,,
INSTR F376,DESIGN PROJECT,1,SAROJ MONDAL,,,,
INSTR F377,DESIGN PROJECT,1,SAROJ MONDAL,,,,
MATH F111,MATHEMATICS I,1,Manish Kumar,F107,M W F,8,05/12 FN
,,2,Pratyusha Chattopadhyaa,F108,M W F,3,
,,3,Deepika,G107,T Th S,5,
,,4,Debopam Chakraborthy,G107,M W F,4,
,,5,Sumit Kumar V,G108,T Th S,2,
,,6,SHARAN GOPAL,G102,T Th S,2,
,,7,Jhuma Sen Gupta,F107,T Th S,2,
,,8,A Michael Alphonse,G102,T Th S,3,
,,9,G Murali Mohan Reddy,G106,T Th S,2,
,,10,B Mishra,F107,T Th S,3,
,,11,DK Satpathi,F108,T Th S,3,
,Tutorial,1,Manish Kumar,G208,Th,8,
,,2,Pratyusha Chattopadhyaa,F109,Th,8,
,,3,Deepika,G101,Th,8,
,,4,Debopam Chakraborthy,G204,Th,8,
,,5,Sumit Kumar V,G105,Th,8,
,,6,Sharan Gopal,G205,Th,8,
,,,Faiz Imam,,,,
,,7,Jhuma Sen Gupta,F107,Th,8,
,,8,A Michael Alphonse,F108,Th,8,
,,,Sri Sakti Swarup Anupindi,,,,
,,9,G Murali Mohan Reddy,G201,Th,8,
,,10,B Mishra,G108,Th,8,
,,,R Revathi,,,,
,,11,DK Satpathi,G107,Th,8,
,,,Basua Debananda,,,,
MATH F211,MATHEMATICS III,1,A Ramu,G208,M W F,4,02/12 FN
,,2,K Venkata Ratnam,F107,M W F,9,
,,3,PTV Praveen Kumar,G103,M W F,4,
,,4,PK Sahoo,G105,M W F,4,
,,5,TSL Radhika,F107,M W F,6,
,,6,Jagan Mohan J,G208,M W F,9,
,,7,Kishore Kumar,G207,M W F,9,
,,8,ANIL NEMILI,G107,M W F,9,
,,9,Santanu Koley,G106,M W F,4,
,,10,Nirman Ganguly,G108,M W F,6,
,,11,PK Sahoo,G207,M W F,6,
,,,PTV Praveen Kumar,,,,
,Tutorial,1,A Ramu,G101,W,1,
,,2,K Venkata Ratnam,F208,W,1,
,,3,PTV Praveen Kumar,G105,W,1,
,,4,PK Sahoo,I111,W,1,
,,,T Ranjan Panigrahi,,,,
,,5,TSL Radhika,G201,W,1,
,,,A Karthik,,,,
,,6,Jagan Mohan J,G204,W,1,
,,7,Kishore Kumar,G205,W,1,
,,8,Anil Nemili,G208,W,1,
,,,Tusharakanta Pradhan,,,,
,,9,Santanu Koley,F107,W,1,
,,,K Panduranga,,,,
,,10,Nirman Ganguly,G104,W,1,
,,11,TO BE ANNOUNCED,G206,W,1,
MATH F212,OPTIMIZATION,1,DK SATPATHI,F107,M W F,2,06/12 FN
,,,Sumit Kumar V,,,,
,,2,PTV Praveen Kumar,F108,M W F,9,
,,,PK Sahoo,,,,
,Tutorial,1,DK Satpathi,J120,T,7,
,,2,PTV Praveen Kumar,J119,T,7,
,,3,PK Sahoo,J115,T,7,
,,4,Sumit Kumar V,J121,T,7,
MATH F213,DISCRETE MATHEMATICS,1,B MISHRA,F107,M W F,3,13/12 FN
,,,K Venkata Ratnam,,,,
,Tutorial,1,B Mishra,J206,S,1,
,,2,K Venkata Ratnam,J107,S,1,
MATH F214,ELEMENTARY REAL ANALYSIS,1,MANISH KUMAR,G108,T Th S,4,04/12 AN
,,,Kishore Kumar,,,,
,Tutorial,1,Manish Kumar,J206,Th,1,
,,2,Kishore Kumar,J107,Th,1,
MATH F215,ALGEBRA I,1,SANTANU KOLEY,G108,T Th,6,11/12 AN
,,,Debopam Chakraborthy,,,,
,,,Santanu Koley,G108,S,5,
,,,Debopam Chakraborthy,,,,
,Tutorial,1,Santanu Koley,J206,T,1,
,,2,Debopam Chakraborthy,J107,T,1,
MATH F231,NUMBER THEORY,1,A MICHAEL ALPHONSE,G108,M W F,2,06/12 AN
MATH F266,STUDY PROJECT,1,PTV PRAVEEN KUMAR,,,,
MATH F311,INTRODUCTION TO TOPOLOGY,1,DEEPIKA,G108,M W F,4,14/12 AN
,,,Sharan Gopal,,,,
,Tutorial,1,DEEPIKA,J206,W,1,
,,2,Sharan Gopal,J107,W,1,
MATH F312,ORDINARY DIFF EQUATIONS,1,JAGAN MOHAN J,G108,M W F,5,09/12 AN
,,,G Murali Mohan Reddy,,,,
,Tutorial,1,Jagan Mohan J,J206,M,1,
,,2,G Murali Mohan Reddy,J107,M,1,
MATH F313,NUMERICAL ANALYSIS,1,A RAMU,G108,M W F,9,02/12 AN
,,,Nirman Ganguly,,,,
,Tutorial,1,A Ramu,J206,F,1,
,,2,Nirman Ganguly,J107,F,1,
MATH F366,LABORATORY PROJECT,1,TSL RADHIKA,,,,
MATH F367,LABORATORY PROJECT,1,TSL RADHIKA,,,,
MATH F376,DESIGN PROJECT,1,SUMIT KUMAR V,,,,
MATH F377,DESIGN PROJECT,1,SUMIT KUMAR V,,,,
MATH F432,APPLIED STATISTICAL METHODS,1,V VENKATA HARA GOPAL,G108,M W F,3,13/12 AN
ME F110,WORKSHOP PRACTICE,1,N SURESH KUMAR REDDY,WS,M W,4 5,
,,,Pawan Kumar Chauhan,,,,
,,2,Kandukuri Prudviraj,WS,M W,2 3,
,,,C Anand Badrish,,,,
,,3,Gandla Praveen Kumar,WS,M W,7 8,
,,,G Lakshmi Srinivas,,,,
,,4,P Sandeep,WS,T Th,4 5,
,,,Wankhede Pankaj Rambhauji,,,,
,,5,Hemanth Mithun Praveen,WS,S,4 5,
,,,Gi Venkata Naga Trivedi,,,,
,,,Hemanth Mithun Praveen,WS,F,2 3,
,,,Shaik Ayub Mohiddin,,,,
ME F211,MECHANICS OF SOLIDS,1,AMIT KUMAR GUPTA,F103,T Th S,4,04/12 AN
,Tutorial,1,Jagan Mohan Ponnada,G202,Th,1,
,,,Amit Kumar Gupta,,,,
,,2,Sangam Srikanth,G203,Th,1,
,,,Amit Kumar Gupta,,,,
,,3,J Murali Mohan,G204,Th,1,
,,,Amit Kumar Gupta,,,,
ME F212,FLUID MECHANICS,1,SUPRADEEPAN K,F103,M W F,2,06/12 FN
,Tutorial,1,Supradeepan K,G201,T,1,
,,,P Ankamma Rao,,,,
,,2,Deepak Nabapure,G203,T,1,
,,,Supradeepan K,,,,
,,3,Supradeepan K,G204,T,1,
,,,V Venkateswara Rao,,,,
ME F213,MATERIALS SCIENCE & ENGG,1,SUJITH R,F103,T Th,6,11/12 AN
,Tutorial,1,Amar S D,G207,S,5,
,,,Sujith R,,,,
,,2,Jella Gangadhar,G205,S,5,
,,,Sujith R,,,,
,,3,Ankit Sharma,G204,S,5,
,,,Sujith R,,,,
ME F214,APPLIED THERMODYNAMICS,1,SATISH K DUBEY,F103,M W F,3,13/12 FN
,Tutorial,1,R Naresh,G201,Th,9,
,,,Satish K Dubey,,,,
,,2,Sama.Sanghamitra,G202,Th,9,
,,,Satish K Dubey,,,,
,,3,A Uday Kumar,G204,Th,9,
,,,Satish K Dubey,,,,
ME F215,MECHANICAL ENGG LAB,1,AMIT KUMAR GUPTA,E001,M W,7 8,
,,,Akhil Bhardwaj,,,,
,,,Chithajalu Kiran Sagar,,,,
,,,Sunkara Prudhvi Raj,,,,
,,2,Sujith R,E001,T Th,2 3,
,,,K Monika,,,,
,,,P Chennakesava Sai,,,,
,,,Srinivasa Murali Kartheek S,,,,
,,3,Supradeepan K,E001,T Th,7 8,
,,,B Sravya,,,,
,,,MD Abdul Wahed,,,,
,,,Pavandatta Jadhav,,,,
ME F266,STUDY PROJECT,1,KHALID ANWAR,,,,
ME F311,HEAT TRANSFER,1,N JALAIAH,F106,M W F,8,07/12 AN
,Practical,1,N Jalaiah,E111,W,4 5,
,,2,Jeevan Jaidi,E111,M,4 5,
,,3,M Srinivas,E111,F,4 5,
,Tutorial,1,N Jalaiah,G101,M,1,
,,2,Jeevan Jaidi,G102,M,1,
ME F312,ADV MECHANICS OF SOLIDS,1,PAVAN KUMAR P,F106,T Th S,2,10/12 FN
,Tutorial,1,Pavan Kumar P,G102,T,7,
,,2,Brajesh Kumar Panigrahi,G106,W,1,
ME F313,PRODUCTION TECHNIQUES II,1,AMRITHA PRIYADARSHINI,F106,T Th S,3,05/12 AN
,Practical,1,Amritha Priyadarshini,WS,T,8 9,
,,2,N Suresh Kumar Reddy,WS,F,4 5,
,Tutorial,1,Amritha Priyadarshini,G101,F,1,
,,2,N Suresh Kumar Reddy,G102,F,1,
ME F366,LABORATORY PROJECT,1,AMRITHA PRIYADARSHINI,,,,
ME F367,LABORATORY PROJECT,1,AMRITHA PRIYADARSHINI,,,,
ME F376,DESIGN PROJECT,1,NITIN RAMESH K,,,,
ME F377,DESIGN PROJECT,1,NITIN RAMESH K,,,,
ME F418,"ROCKET AND SPACECRAFT
PROPULSION",1,SUPRADEEPAN K,G103,T Th S,4,04/12 FN
ME F424,ENERGY MANAGEMENT,1,S S DESHMUKH,G203,T Th S,4,04/12 FN
ME F425,ADDITIVE MANUFACTURING,1,SP REGALLA,G203,M W F,7,12/12 AN
,,,Ravi Shanker Vidyarthy,,,,
ME F432,COMPUTER AIDED MANUFACT,1,KURRA SURESH,G108,M W F,7,12/12 AN
ME F443,QUALI CONTRO ASSUR & REL,1,C P KIRAN,G206,T Th S,5,11/12 FN
ME F483,WIND ENERGY,1,G R SABAREESH,G103,T Th S,5,11/12 FN
ME G511,MECHANISMS & ROBOTICS,1,YV DASESWARA RAO,G206,T Th S,2,09/12 AN
,Practical,,YV Daseswara Rao,E210,T Th,7 8 9,
ME G512,FINITE ELEMENT METHOD,1,PAVAN KUMAR P,G105,M W F,5,06/12 AN
,Practical,,P V Sai Divya,D208,M F,2 3,
ME G514,TURBOMACHINERY,1,JEEVAN JAIDI,G202,T Th S,4,09/12 AN
,Practical,,Jeevan Jaidi,E122,W F,8 9,
ME G515,COMPUT FLUID DYNAMICS,1,PARDHA SARADHI GURUGUBEGL2L0I8V,,T Th S,3,06/12 AN
,,,Anubhav Sinha,,,,
,Practical,,Pardha Saradhi Gurugubelli V,D208,T Th,6 7,
,,,Anubhav Sinha,,,,
ME G516,"ENERGY SYSTEMS
ENGINEERING",1,S S DESHMUKH,G207,M W F,3,02/12 AN
,Practical,,TO BE ANNOUNCED,E221,T Th,8 9,
ME G532,MACHINE TOOL ENGINEERING,1,ARSHAD JAVED,G107,T Th S,4,04/12 FN
,Practical,,Lanka Tata Rao,D208,T,8 9,
,,,Lanka Tata Rao,D208,F,8 9,
ME G533,COND & RAD HEAT TRANSFER,1,SANTANU PRASAD DATTA,G201,M W F,7,07/12 FN
,Practical,,M Srinivas,E111,M W,2 3,
,,,Santanu Prasad Datta,,,,
ME G535,ADV ENGG MATHEMATICS,1,PARDHA SARADHI GURUGUBEGL2L0I1V,,M W F,4,02/12 AN
,Practical,,KRC Murthy,D208,M W,8 9,
ME G537,CRYOGENIC ENGINEERING,1,R PARAMESHWARAN,G207,M W F,2,04/12 FN
,Practical,,R Parameshwaran,E221,M W,6 7,
ME G621,FLUID DYNAMICS,1,KRC MURTHY,G101,T Th S,5,09/12 AN
,Practical,,KRC Murthy,E122,T Th,8 9,
ME G641,"THEORY OF ELASTICITY &
PLAST",1,BRAJESH KUMAR PANIGRAHI G102,,M W F,4,09/12 AN
,Practical,,Piyush Chandra Verma,E002,Th,8 9,
,,,Piyush Chandra Verma,E002,W,2 3,
MEL G611,IC FABRICATION TECHNOLOGY,1,SANKET GOEL,I213,M W F,5,02/12 AN
,Practical,,Sanket Goel,I214,W F,8 9,
,,,K Avinash,,,,
,,,Madhusudan B Kulkarni,,,,
MEL G621,VLSI DESIGN,1,TO BE ANNOUNCED,I213,M W F,4,09/12 AN
,Practical,,S K Chatterjee,I124,T Th,6 7,
,,,Sravankumar Vittapu,,,,
MEL G622,INTRO TO ARTIF NEURAL NET,1,RAJESH KUMAR TRIPATHY,I213,T Th,3,11/12 FN
,Practical,,Rajesh Kumar Tripathy,I011,T Th,8 9,
,,,Swapna Challagundla,,,,
MEL G624,ADV VLSI ARCHITECTURES,1,CHETAN KUMAR V,I221,M W F,5,04/12 FN
,Practical,,Chetan Kumar V,I124,T Th,8 9,
MEL G626,VLSI TEST & TESTABILITY,1,SAROJ MONDAL,I221,M W F,4,09/12 AN
MEL G631,"PHYSICS AND MODELLING OF
MICROELECTRONIC DEVICES",1,SAYAN KANUNGO,I221,T Th S,2,13/12 FN
,Practical,,Sayan Kanungo,H106,W F,2 3,
MF F266,STUDY PROJECT,1,KHALID ANWAR,,,,
MF F311,MECHATRONICS & AUTOMAT,1,ARSHAD JAVED,F203,M W,9,02/12 AN
,Practical,,Arshad Javed,E210,M,4 5,
,Tutorial,,Arshad Javed,F203,F,9,
MF F312,TOOL & FIXTURE DESIGN,1,SP REGALLA,F203,T Th S,2,10/12 FN
,Tutorial,,SP Regalla,F203,F,1,
MF F313,METAL FORMING & MACHINE,1,N SURESH KUMAR REDDY,F203,T Th S,3,05/12 AN
,Practical,,N Suresh Kumar Reddy,WS,Th,8 9,
,Tutorial,,N Suresh Kumar Reddy,F203,W,1,
MF F366,LABORATORY PROJECT,1,AMRITHA PRIYADARSHINI,,,,
MF F367,LABORATORY PROJECT,1,AMRITHA PRIYADARSHINI,,,,
MF F376,DESIGN PROJECT,1,NITIN RAMESH K,,,,
MF F377,DESIGN PROJECT,1,NITIN RAMESH K,,,,
MF F421,SUPPLY CHAIN MANAGEMENT,1,C P KIRAN,G206,M W F,3,13/12 AN
MGTS F211,PRINCIPLES OF MANAGEMENT,1,R RAGHUNATHAN,F104,M W F,6,09/12 FN
,Tutorial,,R Raghunathan,F107,F,1,
,,,Rajthilak R,,,,
MST F331,MATERIALS CHARACTERIZATION,1,KARTHIK CHETAN,F203,M W F,3,13/12 AN
,,,Sounak Roy,,,,
,Practical,,Karthik Chetan,B108,W,4 5,
,,,Sounak Roy,,,,
PHA F211,PHARMACEUTICAL ANALYSIS,1,BALRAM GHOSH,G106,M W,2,06/12 FN
,Practical,1,Balram Ghosh,A025,M,7 8,
,,,Yamini Shankar Bobde,,,,
,,2,Balram Ghosh,A025,Th,7 8,
,,,Sravani Pulya,,,,
,Tutorial,,Balram Ghosh,G106,F,2,
PHA F213,MICROBIOLOGY,1,D SRIRAM,G106,M W,3,13/12 FN
,Practical,1,D Sriram,A024,T,7 8,
,,,E Madhu Rekha,,,,
,,2,D Sriram,A024,W,7 8,
,,,Srashti Gopal Goyal,,,,
,,3,D Sriram,A024,F,7 8,
,,,D Deepika,,,,
,Tutorial,,D Sriram,G106,F,3,
PHA F215,"INTRODUCTION TO MOLECULAR
BIO & IMMUNOLOGY",1,ARTI DHAR,G106,T Th S,4,04/12 AN
,Tutorial,,Arti Dhar,G106,S,1,
PHA F244,PHYSICAL PHARMACY,1,V V KRISHNA VENUGANTI,G103,M W,2,10/12 FN
,Practical,,V V Krishna Venuganti,A022,T,7 8 9,
,,,B Sony Priyanka,,,,
,,,Girdhari Roy,,,,
,Tutorial,,V V Krishna Venuganti,G103,F,2,
PHA F266,STUDY PROJECT,1,BALRAM GHOSH,,,,
PHA F311,PHARMACOLOGY I,1,ONKAR KULKARNI,G105,M W,9,02/12 AN
,Practical,,Onkar Kulkarni,D314,M,4 5,
,,,K Kalyani,,,,
,,,S Kavitha,,,,
,Tutorial,,Onkar Kulkarni,G105,F,9,
PHA F312,MEDICINAL CHEMISTRY I,1,P YOGEESWARI,G105,T Th,3,05/12 AN
,Practical,,P Yogeeswari,A025,F,4 5,
,,,Dasugari Varakala Saiprasad Goud,,,,
,,,Routholla Ganesh,,,,
,Tutorial,,P Yogeeswari,G105,S,3,
PHA F313,INSTRU METHODS OF ANAL,1,A SAJELI BEGUM,G106,T Th S,3,11/12 FN
,Practical,,A Sajeli Begum,B108,M,7 8 9,
,,,Kirti,,,,
,,,Pragya Paramita Pal,,,,
,,,Samrun Nessa,,,,
,,,Sri Ganga,,,,
PHA F314,PHARMA FORMUL & BIOPHARM,1,NIRMAL J,G105,M W,8,07/12 AN
,Practical,,Nirmal J,A022,W,4 5,
,,,Parameswar Patra,,,,
,,,Pravesh Sharma,,,,
,Tutorial,,Nirmal J,G105,F,8,
PHA F366,LABORATORY PROJECT,1,BALRAM GHOSH,,,,
PHA F367,LABORATORY PROJECT,1,BALRAM GHOSH,,,,
PHA F376,DESIGN PROJECT,1,BALRAM GHOSH,,,,
PHA F377,DESIGN PROJECT,1,BALRAM GHOSH,,,,
PHA F415,PATHOPHYSIOLOGY,1,ONKAR KULKARNI,G105,T Th S,5,11/12 FN
PHA F422,COSMETIC SCIENCE,1,D SRIRAM,G105,T Th,4,04/12 FN
,Practical,,D Sriram,A024,Th,8 9,
,,,Ridahunlang Nongkhlaw,,,,
PHA G532,Q A & REGULATORY AFFAIRS,1,AKASH C,G202,M W F,4,06/12 AN
,Practical,,Akash C,LAB,T W,8 9,
,,,Jaspreet Kaur Kalra,,,,
,,,M Suresh Babu,,,,
PHA G542,ADVANCE PHYSICAL PHARMA,1,V V KRISHNA VENUGANTI,G202,M W F,5,02/12 AN
,Practical,,V V Krishna Venuganti,A022,F,7 8 9 10,
,,,Deepanjan Datta,,,,
,,,Leela Sai Lokesh Janardhanam,,,,
PHA G543,CLINICAL RESEARCH,1,ARTI DHAR,I210,M W F,3,09/12 AN
PHA G545,IPR AND PHARMACEUTICALS,1,P YOGEESWARI,G107,M W F,2,07/12 FN
PHA G547,"QUALI-BY-DESIGN IN
PHARMACEUTICAL PROD DEVEL",1,R PUNNA RAO,I122,M W F,3,09/12 AN
,Practical,,R Punna Rao,B213,M,5 6,
,,,Ekta Prasanthi B,,,,
,,,R Punna Rao,B213,F,8 9,
,,,Ekta Prasanthi B,,,,
PHA G612,PHARM KINET & CLINIC PHA,1,R PUNNA RAO,G101,T Th S,2,04/12 AN
,Practical,,R Punna Rao,A009,T Th,5 6,
,,,Avantika Dalvi,,,,
,,,Chandra Teja Uppuluri,,,,
PHA G613,PHARMACEUTICAL BIOTECH,1,NIRMAL J,G203,T Th S,2,02/12 AN
,Practical,,Nirmal J,A012,T,7 8 9 10,
,,,Raghuraman Manimaran,,,,
PHA G617,ADV DRUG DELIVERY SYSTEM,1,SWATI BISWAS,G204,M W F,4,04/12 FN
,Practical,,Swati Biswas,A022,M W,8 9,
,,,Bhatt Himanshu Narendrakumar,,,,
,,,Kumbham Soniya,,,,
PHA G642,LABORATORY PROJECT,1,SWATI BISWAS,,,,
PHY F110,PHYSICS LABORATORY,1,Sashideep Gutti,A222,F,4 5,12/12 FN
,,,T Vicky Singh,,,,
,,2,Sashideep Gutti,A222,W,4 5,
,,,Haridev S R,,,,
,,3,Swastik Bhattacharya,A222,T,4 5,
,,,T Vicky Singh,,,,
,,4,Swastik Bhattacharya,A222,Th,4 5,
,,,Haridev S R,,,,
,,5,Sarmistha Banik,A222,M,4 5,
,,,Nobleson K,,,,
,,6,Sarmistha Banik,A222,F,7 8,
,,,Nobleson K,,,,
,,7,KANNAN RAMASWAMY,A222,W,7 8,
,,,Sabur Ahmed Barbhuiya,,,,
,,8,Kannan Ramaswamy,A222,F,2 3,
,,,Sabur Ahmed Barbhuiya,,,,
,,9,Prasant Samantray,A222,M,2 3,
,,,Waseem Ahmad Wani,,,,
,,10,Prasant Samantray,A222,W,2 3,
,,,Rahul Kumar Thakur,,,,
,,11,B Harihara Venkataraman,A222,M,7 8,
,,,Yuganand Nellambakam,,,,
,,12,VSN Murthy,A222,S,4 5,
,,,Yuganand Nellambakam,,,,
PHY F111,MECH OSCIL & WAVES,1,PK Thiruvikraman,F208,T Th S,3,10/12 AN
,,2,SWASTIK BHATTACHARYA,F207,T Th S,2,
,,3,Prasant Samantray,F208,T Th S,2,
,,4,Sashideep Gutti,F207,T Th S,3,
,,5,Aravinda N Raghavan,F108,T Th S,2,
,,6,Asrarul Haque,G101,T Th S,3,
,Tutorial,1,PK Thiruvikraman,F208,T,9,
,,2,Swastik Bhattacharya,F205,T,9,
,,3,Prasant Samantray,F204,T,9,
,,4,Sashideep Gutti,F207,T,9,
,,5,Aravinda N Raghavan,F108,T,9,
,,6,Asrarul Haque,G101,T,9,
PHY F112,GENERAL PHYSICS,1,B HARIHARA VENKATARAMANG203,,T Th S,3,10/12 AN
,Tutorial,,B Harihara Venkataraman,G204,T,9,
PHY F211,CLASSICAL MECHANICS,1,RAHUL NIGAM,G203,T Th,6,11/12 AN
,,,Rahul Nigam,G203,S,5,
,Tutorial,,Rahul Nigam,G203,T,9,
PHY F212,ELECTROMAGNETIC THEO I,1,SOURI BANERJEE,F108,T Th S,4,04/12 AN
,,2,Sarmistha Banik,G207,T Th S,4,
,,3,Subash N. Karbelkar,G206,T Th S,4,
,,4,Aranya Bhuti Bhattacherjee,G205,T Th S,4,
,,5,Kannan Ramaswamy,G208,T Th S,4,
,Tutorial,1,Souri Banerjee,F108,S,1,
,,2,Sarmistha Banik,G207,S,1,
,,3,Subash N. Karbelkar,G206,S,1,
,,4,Aranya Bhuti Bhattacherjee,G205,S,1,
,,5,Kannan Ramaswamy,G208,S,1,
PHY F213,OPTICS,1,MEENAKSHI V,G203,M W F,3,13/12 FN
,Tutorial,,Meenakshi V,G203,Th,9,
PHY F214,ELEC MAGNET & OPTICS LAB,1,SUBASH N. KARBELKAR,A211,M W,7 8,
,,,Meenakshi V,,,,
,,2,VSN Murthy,A211,T Th,7 8,
,,,Sateesh Kandukuri,,,,
PHY F266,STUDY PROJECT,1,KANNAN RAMASWAMY,,,,
PHY F311,QUANTUM MECHANICS II,1,ASRARUL HAQUE,G203,M W F,4,14/12 AN
,Tutorial,,Asrarul Haque,G203,M,1,
PHY F312,STATISTICAL MECHANICS,1,K V SHIV CHAITANYA,G203,M W F,9,02/12 AN
,Tutorial,,K V Shiv Chaitanya,G203,W,1,
PHY F313,COMPUTATIONAL PHYSICS,1,PK THIRUVIKRAMAN,G203,M W F,5,09/12 AN
,Tutorial,,PK Thiruvikraman,G203,F,1,
PHY F366,LABORATORY PROJECT,1,VSN MURTHY,,,,
PHY F367,LABORATORY PROJECT,1,VSN MURTHY,,,,
PHY F376,DESIGN PROJECT,1,VSN MURTHY,,,,
PHY F377,DESIGN PROJECT,1,VSN MURTHY,,,,
PHY F412,INTRO TO QUAN FIELD THEO,1,RAHUL NIGAM,G203,M W F,2,06/12 AN
PHY F418,LASERS AND APPLICATIONS,1,ARANYA BHUTI BHATTACHERJGE2E05,,M W F,3,13/12 AN
SS G514,OBJ ORI ANALYS & DESIGN,1,RAJIB RANJAN MAITI,I113,M W,5,07/12 FN
,Practical,,Rajib Ranjan Maiti,D314,M W,2 3,
SS G515,DATA WAREHOUSING,1,NARASIMHA BOLLOJU,I113,M W,4,09/12 FN
,,,Narasimha Bolloju,I113,F,5,
,Practical,,Narasimha Bolloju,D312,T,2 3,
,,,Narasimha Bolloju,D312,F,2 3,
